类别,格式/对象,目标等级,Windows,Web,Android/平板,轻编辑/导出,备注
图片,"JPG/JPEG, PNG, BMP, TIFF",L0-L4,完整,完整,完整,轻编辑+正式导出,色彩/EXIF/标注/同源
图片,"WebP, AVIF, HEIC/HEIF",L0-L4,完整,完整,完整或代理,兼容导出,原文件不自动转换
动图,"GIF, APNG, Animated WebP",L0-L3,播放,播放,播放/兼容副本,静态或兼容副本,不做帧编辑
图标,"ICO, ICNS",L0-L2,多尺寸预览,预览,预览,选尺寸导出PNG,
矢量,SVG,L0-L4,安全预览,安全预览,安全预览,PNG/WebP,禁脚本/外链
照片,"DNG, CR2/3, NEF, ARW, RAF, ORF, RW2",L0-L4,服务端/本地代理,服务端代理,服务端代理,显示结果导出,不做RAW显影
设计,"PSD, PSB",L0-L4,合成预览+Photoshop,合成预览,合成预览,合成图导出,不编辑图层
HDR,"EXR, HDR",L0-L4,色调映射,色调映射,色调映射,显示代理导出,明确代理
贴图,"DDS, TGA, KTX/KTX2",L0-L2,增强Provider,代理,代理,有限,通道/Mip基础信息
设计,"AI, EPS",L0-L2,条件预览+外部打开,代理,代理,栅格代理,依内嵌PDF/Provider
设计,CDR等封闭格式,L0-L1,伴随预览/外部打开,基础,基础,无,首期不原生解析
文档,PDF,L0-L4,完整阅读,完整阅读,完整阅读,页面/选页导出,非破坏标注
文本,Markdown,L0-L3,预览/简单编辑,预览/简单编辑,预览/简单编辑,原文件保存,冲突检查
文本,"TXT, LOG, JSON, YAML, XML, INI, TOML, 代码",L0-L3,高亮/简单编辑,高亮/简单编辑,预览/有限编辑,原文件保存,不做IDE
表格,"CSV, TSV",L0-L3,表格预览/有限编辑,表格预览,表格预览,原文件保存,不做电子表格程序
Office,"DOC/X, XLS/X, PPT/X, ODT/ODS/ODP, RTF",L0-L2,只读预览+Office,服务端预览,服务端预览,无,不内置编辑
电子书,EPUB,L0-L3,阅读,阅读,阅读,无,全文/目录/进度
电子书,"MOBI, AZW3",L0-L3,阅读/降级,阅读/降级,阅读/降级,无,DRM时降级
漫画,"CBZ, CBR",L0-L3,漫画阅读,漫画阅读,漫画阅读,无,不重打包
网页,"HTML, MHTML/MHT",L0-L2,安全静态预览,安全静态预览,安全静态预览,无,禁脚本/外部请求
音频,"MP3, FLAC, AAC, M4A, ALAC, WAV, AIFF, OGG, Opus",L0-L3,播放,播放,播放,元数据写回计划,不做通用转码
音频,"APE, WMA等",L0-L2,直放/代理/外部,代理,代理/外部,无,按编码能力降级
伴随,"CUE, LRC, M3U/M3U8",伴随/L0-L2,折叠/预览,折叠/预览,折叠/预览,文本可编辑,真实Sidecar
视频,"MP4, MOV, M4V, MKV, WebM",L0-L3,基础播放,基础播放/代理,基础播放/代理,帧截图,不做剪辑/字幕系统
视频,"AVI, WMV, TS, MTS, M2TS, 专业编码",L0-L2,代表帧/代理/外部,代理,代理/外部,帧截图,
3D,"GLB, GLTF, OBJ/MTL, STL, PLY",L0-L3,交互预览,交互预览,交互预览,截图,视角书签
3D,FBX,L0-L2,增强代理,增强代理,增强代理,无,
3D,BLEND,L0-L1,缩略图/可选Worker,基础,基础,无,不强依赖Blender
工程,"DWG, DXF",L0-L1,伴随预览+专业打开,基础,基础,无,首期无内置预览
工程,"MAX, C4D, SKP",L0-L1,伴随预览+专业打开,基础,基础,无,首期无内置渲染
归档,"ZIP, 7Z, RAR, TAR, GZ, BZ2, XZ",L0-L2,安全目录/选择解压,安全目录,安全目录,选择解压,防炸弹/穿越
字体,"TTF, OTF, WOFF, WOFF2",L0-L2,字形预览,字形预览,字形预览,无,不修改字体
特殊,"EXE, DLL, MSI, BAT, CMD, PS1, VBS, JS",L0,签名/安全状态,基础,基础,无,不执行
未知,任意未知格式,L0,基础+外部打开,基础,基础,无,绝不能消失
